,Unnamed: 0,year,country,province,avg_tmp,min_tmp,max_tmp,rainfall,scenario
0,0,2006,Costa_Rica,Costa_Rica,25.01,20.1,30.0,1323.5,High_Emission
1,1,2007,Costa_Rica,Costa_Rica,24.92,19.99,29.96,1451.96,High_Emission
2,2,2008,Costa_Rica,Costa_Rica,25.04,20.03,30.15,1340.35,High_Emission
3,3,2009,Costa_Rica,Costa_Rica,25.25,20.25,30.33,1396.38,High_Emission
4,4,2010,Costa_Rica,Costa_Rica,25.14,20.23,30.23,1391.94,High_Emission
5,5,2011,Costa_Rica,Costa_Rica,25.06,20.11,30.11,1401.64,High_Emission
6,6,2012,Costa_Rica,Costa_Rica,25.2,20.2,30.24,1352.76,High_Emission
7,7,2013,Costa_Rica,Costa_Rica,25.38,20.34,30.4,1416.65,High_Emission
8,8,2014,Costa_Rica,Costa_Rica,25.39,20.39,30.44,1423.93,High_Emission
9,9,2015,Costa_Rica,Costa_Rica,25.35,20.39,30.42,1413.27,High_Emission
10,10,2016,Costa_Rica,Costa_Rica,25.49,20.49,30.52,1582.24,High_Emission
11,11,2017,Costa_Rica,Costa_Rica,25.44,20.42,30.46,1618.27,High_Emission
12,12,2018,Costa_Rica,Costa_Rica,25.32,20.34,30.4,1369.77,High_Emission
13,13,2019,Costa_Rica,Costa_Rica,25.42,20.36,30.48,1338.83,High_Emission
14,14,2020,Costa_Rica,Costa_Rica,25.46,20.43,30.56,1326.22,High_Emission
15,15,2021,Costa_Rica,Costa_Rica,25.61,20.65,30.65,1167.4,High_Emission
16,16,2022,Costa_Rica,Costa_Rica,25.54,20.56,30.6,1189.59,High_Emission
17,17,2023,Costa_Rica,Costa_Rica,25.47,20.48,30.5,1487.48,High_Emission
18,18,2024,Costa_Rica,Costa_Rica,25.52,20.49,30.52,1185.63,High_Emission
19,19,2025,Costa_Rica,Costa_Rica,25.63,20.65,30.67,1279.01,High_Emission
20,20,2026,Costa_Rica,Costa_Rica,25.88,20.86,30.9,1418.31,High_Emission
21,21,2027,Costa_Rica,Costa_Rica,25.85,20.81,30.89,1582.1,High_Emission
22,22,2028,Costa_Rica,Costa_Rica,25.72,20.79,30.72,1231.04,High_Emission
23,23,2029,Costa_Rica,Costa_Rica,25.76,20.83,30.82,1254.22,High_Emission
24,24,2030,Costa_Rica,Costa_Rica,25.68,20.73,30.67,1653.76,High_Emission
25,25,2031,Costa_Rica,Costa_Rica,25.82,20.69,30.8,1427.68,High_Emission
26,26,2032,Costa_Rica,Costa_Rica,25.78,20.8,30.79,1365.73,High_Emission
27,27,2033,Costa_Rica,Costa_Rica,25.86,20.86,30.89,1350.31,High_Emission
28,28,2034,Costa_Rica,Costa_Rica,25.92,20.99,30.93,1450.42,High_Emission
29,29,2035,Costa_Rica,Costa_Rica,25.93,20.83,31.02,1294.38,High_Emission
30,30,2036,Costa_Rica,Costa_Rica,26.12,21.1,31.19,1368.73,High_Emission
31,31,2037,Costa_Rica,Costa_Rica,25.93,20.94,30.93,1352.31,High_Emission
32,32,2038,Costa_Rica,Costa_Rica,25.95,20.93,31.03,1330.82,High_Emission
33,33,2039,Costa_Rica,Costa_Rica,26.17,21.15,31.15,1442.98,High_Emission
34,34,2040,Costa_Rica,Costa_Rica,26.17,21.18,31.26,1405.61,High_Emission
35,35,2041,Costa_Rica,Costa_Rica,26.14,21.12,31.19,1389.09,High_Emission
36,36,2042,Costa_Rica,Costa_Rica,26.16,21.21,31.15,1360.56,High_Emission
37,37,2043,Costa_Rica,Costa_Rica,26.39,21.42,31.43,1265.27,High_Emission
38,38,2044,Costa_Rica,Costa_Rica,26.45,21.34,31.59,1433.58,High_Emission
39,39,2045,Costa_Rica,Costa_Rica,26.21,21.24,31.21,1361.24,High_Emission
40,40,2046,Costa_Rica,Costa_Rica,26.24,21.37,31.25,1365.58,High_Emission
41,41,2047,Costa_Rica,Costa_Rica,26.56,21.54,31.61,1152.93,High_Emission
42,42,2048,Costa_Rica,Costa_Rica,26.4,21.46,31.43,1291.65,High_Emission
43,43,2049,Costa_Rica,Costa_Rica,26.39,21.43,31.38,1573.23,High_Emission
44,44,2050,Costa_Rica,Costa_Rica,26.49,21.53,31.6,1500.5,High_Emission
45,45,2051,Costa_Rica,Costa_Rica,26.65,21.65,31.69,1390.58,High_Emission
46,46,2052,Costa_Rica,Costa_Rica,26.72,21.71,31.75,1259.6,High_Emission
47,47,2053,Costa_Rica,Costa_Rica,26.79,21.89,31.85,1239.57,High_Emission
48,48,2054,Costa_Rica,Costa_Rica,26.77,21.75,31.78,1357.53,High_Emission
49,49,2055,Costa_Rica,Costa_Rica,26.71,21.79,31.8,1428.54,High_Emission
50,50,2056,Costa_Rica,Costa_Rica,26.77,21.79,31.78,1180.18,High_Emission
51,51,2057,Costa_Rica,Costa_Rica,26.94,21.92,32.0,1281.45,High_Emission
52,52,2058,Costa_Rica,Costa_Rica,27.09,22.09,32.15,1418.74,High_Emission
53,53,2059,Costa_Rica,Costa_Rica,27.01,22.03,32.08,1371.96,High_Emission
54,54,2060,Costa_Rica,Costa_Rica,27.01,21.96,32.09,1302.22,High_Emission
55,55,2061,Costa_Rica,Costa_Rica,27.06,22.04,32.15,1461.89,High_Emission
56,56,2062,Costa_Rica,Costa_Rica,27.06,22.11,32.15,1339.82,High_Emission
57,57,2063,Costa_Rica,Costa_Rica,27.19,22.21,32.24,1181.36,High_Emission
58,58,2064,Costa_Rica,Costa_Rica,27.28,22.2,32.3,1231.95,High_Emission
59,59,2065,Costa_Rica,Costa_Rica,27.16,22.07,32.32,1297.71,High_Emission
60,60,2066,Costa_Rica,Costa_Rica,27.36,22.23,32.4,1350.5,High_Emission
61,61,2067,Costa_Rica,Costa_Rica,27.38,22.35,32.37,1303.93,High_Emission
62,62,2068,Costa_Rica,Costa_Rica,27.46,22.5,32.54,1397.44,High_Emission
63,63,2069,Costa_Rica,Costa_Rica,27.52,22.42,32.44,1207.46,High_Emission
64,64,2070,Costa_Rica,Costa_Rica,27.47,22.47,32.52,1273.69,High_Emission
65,65,2071,Costa_Rica,Costa_Rica,27.63,22.57,32.73,1409.2,High_Emission
66,66,2072,Costa_Rica,Costa_Rica,27.5,22.42,32.63,1255.18,High_Emission
67,67,2073,Costa_Rica,Costa_Rica,27.67,22.71,32.67,1351.31,High_Emission
68,68,2074,Costa_Rica,Costa_Rica,27.73,22.67,32.8,1352.38,High_Emission
69,69,2075,Costa_Rica,Costa_Rica,27.76,22.8,32.82,1211.73,High_Emission
70,70,2076,Costa_Rica,Costa_Rica,27.72,22.78,32.82,1274.2,High_Emission
71,71,2077,Costa_Rica,Costa_Rica,27.96,22.96,33.09,1289.44,High_Emission
72,72,2078,Costa_Rica,Costa_Rica,28.21,23.16,33.35,1302.32,High_Emission
73,73,2079,Costa_Rica,Costa_Rica,27.99,22.98,33.08,1425.6,High_Emission
74,74,2080,Costa_Rica,Costa_Rica,28.12,23.07,33.06,1327.24,High_Emission
75,75,2081,Costa_Rica,Costa_Rica,28.08,23.05,33.24,1211.33,High_Emission
76,76,2082,Costa_Rica,Costa_Rica,28.09,23.04,33.08,1266.04,High_Emission
77,77,2083,Costa_Rica,Costa_Rica,28.16,23.16,33.17,1205.15,High_Emission
78,78,2084,Costa_Rica,Costa_Rica,28.03,22.99,33.15,1345.43,High_Emission
79,79,2085,Costa_Rica,Costa_Rica,28.08,23.0,33.16,1129.93,High_Emission
80,80,2086,Costa_Rica,Costa_Rica,28.53,23.38,33.67,1077.43,High_Emission
81,81,2087,Costa_Rica,Costa_Rica,28.55,23.49,33.67,1236.26,High_Emission
82,82,2088,Costa_Rica,Costa_Rica,28.33,23.32,33.45,1236.34,High_Emission
83,83,2089,Costa_Rica,Costa_Rica,28.49,23.33,33.65,1115.71,High_Emission
84,84,2090,Costa_Rica,Costa_Rica,28.6,23.57,33.67,1182.47,High_Emission
85,85,2091,Costa_Rica,Costa_Rica,28.75,23.64,33.86,1291.18,High_Emission
86,86,2092,Costa_Rica,Costa_Rica,29.04,23.75,34.24,1268.53,High_Emission
87,87,2093,Costa_Rica,Costa_Rica,28.66,23.64,33.73,1274.64,High_Emission
88,88,2094,Costa_Rica,Costa_Rica,28.78,23.61,33.92,1248.58,High_Emission
89,89,2095,Costa_Rica,Costa_Rica,28.53,23.4,33.81,1082.21,High_Emission
90,90,2096,Costa_Rica,Costa_Rica,28.7,23.54,33.92,1239.56,High_Emission
91,91,2097,Costa_Rica,Costa_Rica,29.21,24.05,34.37,1253.62,High_Emission
92,92,2098,Costa_Rica,Costa_Rica,29.29,24.08,34.28,1308.24,High_Emission
93,93,2099,Costa_Rica,Costa_Rica,28.76,23.68,33.83,1249.65,High_Emission
94,94,2100,Costa_Rica,Costa_Rica,29.16,24.02,34.3,1197.98,High_Emission
95,95,2006,Costa_Rica,Alajuela,27.15,22.02,32.32,1162.85,High_Emission
96,96,2007,Costa_Rica,Alajuela,27.06,21.88,32.29,1421.55,High_Emission
97,97,2008,Costa_Rica,Alajuela,27.2,21.92,32.51,1267.13,High_Emission
98,98,2009,Costa_Rica,Alajuela,27.4,22.2,32.68,1439.43,High_Emission
99,99,2010,Costa_Rica,Alajuela,27.26,22.06,32.58,1383.64,High_Emission
100,100,2011,Costa_Rica,Alajuela,27.15,22.0,32.48,1348.88,High_Emission
101,101,2012,Costa_Rica,Alajuela,27.36,22.11,32.56,1295.41,High_Emission
102,102,2013,Costa_Rica,Alajuela,27.52,22.22,32.71,1456.62,High_Emission
103,103,2014,Costa_Rica,Alajuela,27.5,22.29,32.76,1424.36,High_Emission
104,104,2015,Costa_Rica,Alajuela,27.49,22.29,32.74,1312.19,High_Emission
105,105,2016,Costa_Rica,Alajuela,27.61,22.4,32.88,1455.83,High_Emission
106,106,2017,Costa_Rica,Alajuela,27.56,22.34,32.8,1545.34,High_Emission
107,107,2018,Costa_Rica,Alajuela,27.51,22.23,32.79,1335.08,High_Emission
108,108,2019,Costa_Rica,Alajuela,27.58,22.33,32.82,1255.14,High_Emission
109,109,2020,Costa_Rica,Alajuela,27.6,22.37,32.87,1293.26,High_Emission
110,110,2021,Costa_Rica,Alajuela,27.68,22.54,33.0,1139.12,High_Emission
111,111,2022,Costa_Rica,Alajuela,27.66,22.43,32.94,1058.93,High_Emission
112,112,2023,Costa_Rica,Alajuela,27.61,22.39,32.81,1481.33,High_Emission
113,113,2024,Costa_Rica,Alajuela,27.67,22.38,32.86,1216.64,High_Emission
114,114,2025,Costa_Rica,Alajuela,27.74,22.55,33.04,1282.56,High_Emission
115,115,2026,Costa_Rica,Alajuela,28.04,22.76,33.25,1396.6,High_Emission
116,116,2027,Costa_Rica,Alajuela,28.05,22.7,33.29,1524.33,High_Emission
117,117,2028,Costa_Rica,Alajuela,27.82,22.67,33.06,1132.3,High_Emission
118,118,2029,Costa_Rica,Alajuela,27.86,22.75,33.17,1195.41,High_Emission
119,119,2030,Costa_Rica,Alajuela,27.76,22.6,32.9,1623.79,High_Emission
120,120,2031,Costa_Rica,Alajuela,27.96,22.6,33.23,1350.97,High_Emission
121,121,2032,Costa_Rica,Alajuela,27.94,22.69,33.16,1329.56,High_Emission
122,122,2033,Costa_Rica,Alajuela,27.97,22.79,33.24,1290.84,High_Emission
123,123,2034,Costa_Rica,Alajuela,28.08,22.9,33.24,1410.32,High_Emission
124,124,2035,Costa_Rica,Alajuela,28.12,22.78,33.43,1204.72,High_Emission
125,125,2036,Costa_Rica,Alajuela,28.23,22.98,33.5,1339.82,High_Emission
126,126,2037,Costa_Rica,Alajuela,28.02,22.82,33.3,1309.73,High_Emission
127,127,2038,Costa_Rica,Alajuela,28.1,22.85,33.34,1267.87,High_Emission
128,128,2039,Costa_Rica,Alajuela,28.31,23.06,33.47,1421.47,High_Emission
129,129,2040,Costa_Rica,Alajuela,28.28,23.12,33.63,1451.04,High_Emission
130,130,2041,Costa_Rica,Alajuela,28.29,23.08,33.54,1379.07,High_Emission
131,131,2042,Costa_Rica,Alajuela,28.27,23.11,33.48,1392.05,High_Emission
132,132,2043,Costa_Rica,Alajuela,28.51,23.32,33.74,1270.16,High_Emission
133,133,2044,Costa_Rica,Alajuela,28.58,23.27,33.93,1428.2,High_Emission
134,134,2045,Costa_Rica,Alajuela,28.32,23.14,33.49,1389.53,High_Emission
135,135,2046,Costa_Rica,Alajuela,28.4,23.3,33.56,1296.68,High_Emission
136,136,2047,Costa_Rica,Alajuela,28.7,23.49,33.94,1151.26,High_Emission
137,137,2048,Costa_Rica,Alajuela,28.54,23.35,33.77,1313.23,High_Emission
138,138,2049,Costa_Rica,Alajuela,28.53,23.32,33.71,1479.3,High_Emission
139,139,2050,Costa_Rica,Alajuela,28.58,23.4,33.96,1555.48,High_Emission
140,140,2051,Costa_Rica,Alajuela,28.74,23.51,34.05,1347.36,High_Emission
141,141,2052,Costa_Rica,Alajuela,28.88,23.65,34.13,1193.76,High_Emission
142,142,2053,Costa_Rica,Alajuela,28.94,23.87,34.17,1166.03,High_Emission
143,143,2054,Costa_Rica,Alajuela,28.91,23.65,34.16,1261.97,High_Emission
144,144,2055,Costa_Rica,Alajuela,28.82,23.73,34.15,1377.06,High_Emission
145,145,2056,Costa_Rica,Alajuela,28.89,23.59,34.12,1171.06,High_Emission
146,146,2057,Costa_Rica,Alajuela,29.1,23.84,34.37,1277.21,High_Emission
147,147,2058,Costa_Rica,Alajuela,29.23,24.0,34.48,1267.7,High_Emission
148,148,2059,Costa_Rica,Alajuela,29.12,23.9,34.37,1220.91,High_Emission
149,149,2060,Costa_Rica,Alajuela,29.2,23.92,34.44,1263.01,High_Emission
150,150,2061,Costa_Rica,Alajuela,29.19,23.94,34.51,1407.08,High_Emission
151,151,2062,Costa_Rica,Alajuela,29.19,24.0,34.53,1305.84,High_Emission
152,152,2063,Costa_Rica,Alajuela,29.31,24.16,34.57,1127.1,High_Emission
153,153,2064,Costa_Rica,Alajuela,29.42,24.14,34.64,1179.28,High_Emission
154,154,2065,Costa_Rica,Alajuela,29.31,24.02,34.69,1295.86,High_Emission
155,155,2066,Costa_Rica,Alajuela,29.55,24.21,34.76,1193.24,High_Emission
156,156,2067,Costa_Rica,Alajuela,29.53,24.24,34.76,1233.79,High_Emission
157,157,2068,Costa_Rica,Alajuela,29.59,24.45,34.92,1324.02,High_Emission
158,158,2069,Costa_Rica,Alajuela,29.62,24.35,34.71,1134.25,High_Emission
159,159,2070,Costa_Rica,Alajuela,29.63,24.4,34.89,1213.95,High_Emission
160,160,2071,Costa_Rica,Alajuela,29.81,24.51,35.1,1325.41,High_Emission
161,161,2072,Costa_Rica,Alajuela,29.65,24.33,35.1,1283.66,High_Emission
162,162,2073,Costa_Rica,Alajuela,29.83,24.65,35.14,1286.82,High_Emission
163,163,2074,Costa_Rica,Alajuela,29.88,24.59,35.2,1322.55,High_Emission
164,164,2075,Costa_Rica,Alajuela,29.91,24.71,35.11,1095.45,High_Emission
165,165,2076,Costa_Rica,Alajuela,29.87,24.7,35.16,1139.41,High_Emission
166,166,2077,Costa_Rica,Alajuela,30.11,24.87,35.44,1266.35,High_Emission
167,167,2078,Costa_Rica,Alajuela,30.42,25.26,35.67,1042.53,High_Emission
168,168,2079,Costa_Rica,Alajuela,30.15,24.9,35.41,1354.13,High_Emission
169,169,2080,Costa_Rica,Alajuela,30.3,25.03,35.47,1321.3,High_Emission
170,170,2081,Costa_Rica,Alajuela,30.25,24.97,35.73,1153.32,High_Emission
171,171,2082,Costa_Rica,Alajuela,30.26,24.97,35.5,1247.21,High_Emission
172,172,2083,Costa_Rica,Alajuela,30.32,25.01,35.63,1169.97,High_Emission
173,173,2084,Costa_Rica,Alajuela,30.26,24.96,35.54,1348.02,High_Emission
174,174,2085,Costa_Rica,Alajuela,30.25,24.98,35.56,1099.58,High_Emission
175,175,2086,Costa_Rica,Alajuela,30.76,25.4,36.05,961.28,High_Emission
176,176,2087,Costa_Rica,Alajuela,30.74,25.36,36.0,1226.47,High_Emission
177,177,2088,Costa_Rica,Alajuela,30.43,25.24,35.82,1228.46,High_Emission
178,178,2089,Costa_Rica,Alajuela,30.75,25.37,36.11,1046.32,High_Emission
179,179,2090,Costa_Rica,Alajuela,30.79,25.52,36.03,1235.22,High_Emission
180,180,2091,Costa_Rica,Alajuela,30.9,25.56,36.27,1255.2,High_Emission
181,181,2092,Costa_Rica,Alajuela,31.28,25.78,36.74,1221.67,High_Emission
182,182,2093,Costa_Rica,Alajuela,30.82,25.55,36.09,1312.5,High_Emission
183,183,2094,Costa_Rica,Alajuela,30.91,25.53,36.28,1198.56,High_Emission
184,184,2095,Costa_Rica,Alajuela,30.69,25.32,36.19,1103.09,High_Emission
185,185,2096,Costa_Rica,Alajuela,30.99,25.43,36.32,1204.01,High_Emission
186,186,2097,Costa_Rica,Alajuela,31.41,26.01,36.67,1081.92,High_Emission
187,187,2098,Costa_Rica,Alajuela,31.52,25.9,36.76,1316.95,High_Emission
188,188,2099,Costa_Rica,Alajuela,30.9,25.56,36.18,1198.23,High_Emission
189,189,2100,Costa_Rica,Alajuela,31.33,26.01,36.74,1254.37,High_Emission
190,190,2006,Costa_Rica,Cartago,25.44,21.36,29.4,1616.25,High_Emission
191,191,2007,Costa_Rica,Cartago,25.32,21.18,29.41,1874.05,High_Emission
192,192,2008,Costa_Rica,Cartago,25.41,21.24,29.51,1753.68,High_Emission
193,193,2009,Costa_Rica,Cartago,25.67,21.45,29.75,1742.76,High_Emission
194,194,2010,Costa_Rica,Cartago,25.49,21.41,29.64,1725.46,High_Emission
195,195,2011,Costa_Rica,Cartago,25.39,21.31,29.5,1718.75,High_Emission
196,196,2012,Costa_Rica,Cartago,25.59,21.44,29.68,1704.21,High_Emission
197,197,2013,Costa_Rica,Cartago,25.76,21.51,29.89,1686.99,High_Emission
198,198,2014,Costa_Rica,Cartago,25.77,21.61,29.91,1811.09,High_Emission
199,199,2015,Costa_Rica,Cartago,25.76,21.64,29.87,1856.53,High_Emission
200,200,2016,Costa_Rica,Cartago,25.82,21.71,29.98,1965.26,High_Emission
201,201,2017,Costa_Rica,Cartago,25.82,21.64,29.85,1938.81,High_Emission
202,202,2018,Costa_Rica,Cartago,25.74,21.61,29.85,1764.27,High_Emission
203,203,2019,Costa_Rica,Cartago,25.81,21.6,29.87,1723.39,High_Emission
204,204,2020,Costa_Rica,Cartago,25.8,21.67,29.96,1684.75,High_Emission
205,205,2021,Costa_Rica,Cartago,25.99,21.87,30.12,1552.13,High_Emission
206,206,2022,Costa_Rica,Cartago,25.88,21.76,30.0,1649.93,High_Emission
207,207,2023,Costa_Rica,Cartago,25.87,21.7,29.95,1910.45,High_Emission
208,208,2024,Costa_Rica,Cartago,25.88,21.69,29.95,1518.58,High_Emission
209,209,2025,Costa_Rica,Cartago,26.05,21.92,30.12,1563.64,High_Emission
210,210,2026,Costa_Rica,Cartago,26.2,22.03,30.29,1786.91,High_Emission
211,211,2027,Costa_Rica,Cartago,26.26,22.01,30.31,1923.9,High_Emission
212,212,2028,Costa_Rica,Cartago,26.06,21.97,30.12,1533.59,High_Emission
213,213,2029,Costa_Rica,Cartago,26.18,22.06,30.22,1719.54,High_Emission
214,214,2030,Costa_Rica,Cartago,26.0,21.94,29.96,2037.06,High_Emission
215,215,2031,Costa_Rica,Cartago,26.23,21.93,30.3,1781.35,High_Emission
216,216,2032,Costa_Rica,Cartago,26.19,22.07,30.25,1681.7,High_Emission
217,217,2033,Costa_Rica,Cartago,26.22,22.15,30.29,1566.09,High_Emission
218,218,2034,Costa_Rica,Cartago,26.27,22.22,30.3,1928.0,High_Emission
219,219,2035,Costa_Rica,Cartago,26.26,22.1,30.45,1714.97,High_Emission
220,220,2036,Costa_Rica,Cartago,26.5,22.36,30.64,1828.2,High_Emission
221,221,2037,Costa_Rica,Cartago,26.29,22.16,30.34,1821.92,High_Emission
222,222,2038,Costa_Rica,Cartago,26.37,22.14,30.47,1814.53,High_Emission
223,223,2039,Costa_Rica,Cartago,26.58,22.41,30.6,1884.0,High_Emission
224,224,2040,Costa_Rica,Cartago,26.46,22.36,30.65,1768.76,High_Emission
225,225,2041,Costa_Rica,Cartago,26.48,22.33,30.6,1815.91,High_Emission
226,226,2042,Costa_Rica,Cartago,26.46,22.36,30.48,1720.05,High_Emission
227,227,2043,Costa_Rica,Cartago,26.7,22.63,30.88,1776.07,High_Emission
228,228,2044,Costa_Rica,Cartago,26.77,22.56,30.91,1960.27,High_Emission
229,229,2045,Costa_Rica,Cartago,26.61,22.46,30.68,1785.89,High_Emission
230,230,2046,Costa_Rica,Cartago,26.6,22.52,30.64,1629.02,High_Emission
231,231,2047,Costa_Rica,Cartago,26.99,22.73,31.06,1525.6,High_Emission
232,232,2048,Costa_Rica,Cartago,26.76,22.6,30.79,1709.23,High_Emission
233,233,2049,Costa_Rica,Cartago,26.77,22.6,30.78,2038.12,High_Emission
234,234,2050,Costa_Rica,Cartago,26.94,22.78,31.08,1896.2,High_Emission
235,235,2051,Costa_Rica,Cartago,26.98,22.81,31.1,1782.0,High_Emission
236,236,2052,Costa_Rica,Cartago,27.04,23.0,31.11,1605.55,High_Emission
237,237,2053,Costa_Rica,Cartago,27.1,23.04,31.29,1736.88,High_Emission
238,238,2054,Costa_Rica,Cartago,27.13,22.94,31.17,1792.3,High_Emission
239,239,2055,Costa_Rica,Cartago,27.16,22.99,31.24,1939.05,High_Emission
240,240,2056,Costa_Rica,Cartago,27.05,22.94,31.09,1509.29,High_Emission
241,241,2057,Costa_Rica,Cartago,27.31,23.1,31.43,1538.72,High_Emission
242,242,2058,Costa_Rica,Cartago,27.48,23.29,31.59,1741.43,High_Emission
243,243,2059,Costa_Rica,Cartago,27.39,23.25,31.49,1813.16,High_Emission
244,244,2060,Costa_Rica,Cartago,27.4,23.21,31.56,1783.1,High_Emission
245,245,2061,Costa_Rica,Cartago,27.44,23.21,31.6,1843.62,High_Emission
246,246,2062,Costa_Rica,Cartago,27.31,23.35,31.41,1695.5,High_Emission
247,247,2063,Costa_Rica,Cartago,27.53,23.41,31.52,1708.05,High_Emission
248,248,2064,Costa_Rica,Cartago,27.64,23.43,31.75,1703.75,High_Emission
249,249,2065,Costa_Rica,Cartago,27.67,23.37,31.9,1657.7,High_Emission
250,250,2066,Costa_Rica,Cartago,27.8,23.54,31.86,1856.61,High_Emission
251,251,2067,Costa_Rica,Cartago,27.71,23.59,31.8,1835.1,High_Emission
252,252,2068,Costa_Rica,Cartago,27.8,23.75,32.04,1847.65,High_Emission
253,253,2069,Costa_Rica,Cartago,27.87,23.67,31.86,1603.41,High_Emission
254,254,2070,Costa_Rica,Cartago,27.79,23.61,31.9,1488.77,High_Emission
255,255,2071,Costa_Rica,Cartago,27.95,23.76,32.13,1826.91,High_Emission
256,256,2072,Costa_Rica,Cartago,27.88,23.64,31.98,1622.54,High_Emission
257,257,2073,Costa_Rica,Cartago,27.89,23.87,31.99,1870.44,High_Emission
258,258,2074,Costa_Rica,Cartago,28.06,23.86,32.16,1707.72,High_Emission
259,259,2075,Costa_Rica,Cartago,28.05,23.95,32.1,1711.89,High_Emission
260,260,2076,Costa_Rica,Cartago,28.22,23.92,32.26,1664.32,High_Emission
261,261,2077,Costa_Rica,Cartago,28.31,24.24,32.61,1758.38,High_Emission
262,262,2078,Costa_Rica,Cartago,28.69,24.43,32.83,1930.47,High_Emission
263,263,2079,Costa_Rica,Cartago,28.33,24.17,32.48,2049.81,High_Emission
264,264,2080,Costa_Rica,Cartago,28.5,24.31,32.49,1710.19,High_Emission
265,265,2081,Costa_Rica,Cartago,28.39,24.21,32.67,1740.96,High_Emission
266,266,2082,Costa_Rica,Cartago,28.37,24.16,32.48,1695.2,High_Emission
267,267,2083,Costa_Rica,Cartago,28.44,24.29,32.4,1695.59,High_Emission
268,268,2084,Costa_Rica,Cartago,28.34,24.17,32.56,1855.61,High_Emission
269,269,2085,Costa_Rica,Cartago,28.44,24.23,32.61,1308.14,High_Emission
270,270,2086,Costa_Rica,Cartago,28.86,24.66,33.06,1541.7,High_Emission
271,271,2087,Costa_Rica,Cartago,28.92,24.58,33.06,1734.58,High_Emission
272,272,2088,Costa_Rica,Cartago,28.67,24.44,32.88,1554.54,High_Emission
273,273,2089,Costa_Rica,Cartago,28.83,24.59,33.03,1619.08,High_Emission
274,274,2090,Costa_Rica,Cartago,28.91,24.75,33.04,1616.78,High_Emission
275,275,2091,Costa_Rica,Cartago,29.0,24.77,33.17,1606.52,High_Emission
276,276,2092,Costa_Rica,Cartago,29.38,24.95,33.55,1605.35,High_Emission
277,277,2093,Costa_Rica,Cartago,29.08,24.84,33.2,1689.65,High_Emission
278,278,2094,Costa_Rica,Cartago,29.1,24.87,33.27,1745.55,High_Emission
279,279,2095,Costa_Rica,Cartago,28.9,24.49,33.33,1451.73,High_Emission
280,280,2096,Costa_Rica,Cartago,29.11,24.79,33.25,1608.88,High_Emission
281,281,2097,Costa_Rica,Cartago,29.52,25.17,33.77,1730.57,High_Emission
282,282,2098,Costa_Rica,Cartago,29.57,25.18,33.68,1721.02,High_Emission
283,283,2099,Costa_Rica,Cartago,29.0,24.81,33.12,1684.63,High_Emission
284,284,2100,Costa_Rica,Cartago,29.57,25.26,33.64,1590.2,High_Emission
285,285,2006,Costa_Rica,Guanacaste,27.15,23.5,30.79,1154.59,High_Emission
286,286,2007,Costa_Rica,Guanacaste,27.08,23.36,30.75,1372.3,High_Emission
287,287,2008,Costa_Rica,Guanacaste,27.23,23.42,30.97,1202.48,High_Emission
288,288,2009,Costa_Rica,Guanacaste,27.43,23.68,31.11,1384.92,High_Emission
289,289,2010,Costa_Rica,Guanacaste,27.33,23.54,31.07,1410.33,High_Emission
290,290,2011,Costa_Rica,Guanacaste,27.16,23.46,30.88,1342.7,High_Emission
291,291,2012,Costa_Rica,Guanacaste,27.4,23.62,31.04,1254.11,High_Emission
292,292,2013,Costa_Rica,Guanacaste,27.56,23.78,31.22,1463.15,High_Emission
293,293,2014,Costa_Rica,Guanacaste,27.56,23.78,31.23,1277.59,High_Emission
294,294,2015,Costa_Rica,Guanacaste,27.52,23.79,31.18,1263.41,High_Emission
295,295,2016,Costa_Rica,Guanacaste,27.65,23.88,31.3,1465.84,High_Emission
296,296,2017,Costa_Rica,Guanacaste,27.57,23.84,31.21,1452.98,High_Emission
297,297,2018,Costa_Rica,Guanacaste,27.59,23.75,31.3,1370.36,High_Emission
298,298,2019,Costa_Rica,Guanacaste,27.61,23.83,31.31,1204.84,High_Emission
299,299,2020,Costa_Rica,Guanacaste,27.65,23.83,31.33,1218.58,High_Emission
300,300,2021,Costa_Rica,Guanacaste,27.71,23.97,31.42,1115.99,High_Emission
301,301,2022,Costa_Rica,Guanacaste,27.68,23.9,31.37,1139.92,High_Emission
302,302,2023,Costa_Rica,Guanacaste,27.64,23.87,31.25,1450.77,High_Emission
303,303,2024,Costa_Rica,Guanacaste,27.68,23.88,31.29,1100.42,High_Emission
304,304,2025,Costa_Rica,Guanacaste,27.76,24.04,31.42,1229.47,High_Emission
305,305,2026,Costa_Rica,Guanacaste,28.03,24.17,31.68,1458.68,High_Emission
306,306,2027,Costa_Rica,Guanacaste,28.0,24.19,31.68,1423.16,High_Emission
307,307,2028,Costa_Rica,Guanacaste,27.82,24.11,31.57,1125.64,High_Emission
308,308,2029,Costa_Rica,Guanacaste,27.96,24.23,31.62,1201.2,High_Emission
309,309,2030,Costa_Rica,Guanacaste,27.78,24.05,31.36,1588.69,High_Emission
310,310,2031,Costa_Rica,Guanacaste,27.97,24.15,31.61,1328.9,High_Emission
311,311,2032,Costa_Rica,Guanacaste,27.95,24.17,31.63,1194.47,High_Emission
312,312,2033,Costa_Rica,Guanacaste,28.03,24.29,31.69,1189.57,High_Emission
313,313,2034,Costa_Rica,Guanacaste,28.11,24.36,31.78,1452.04,High_Emission
314,314,2035,Costa_Rica,Guanacaste,28.13,24.26,31.87,1145.17,High_Emission
315,315,2036,Costa_Rica,Guanacaste,28.18,24.41,31.88,1350.51,High_Emission
316,316,2037,Costa_Rica,Guanacaste,28.03,24.28,31.72,1380.77,High_Emission
317,317,2038,Costa_Rica,Guanacaste,28.12,24.3,31.81,1286.5,High_Emission
318,318,2039,Costa_Rica,Guanacaste,28.36,24.58,31.97,1386.07,High_Emission
319,319,2040,Costa_Rica,Guanacaste,28.38,24.64,32.06,1391.86,High_Emission
320,320,2041,Costa_Rica,Guanacaste,28.26,24.53,31.98,1423.06,High_Emission
321,321,2042,Costa_Rica,Guanacaste,28.28,24.5,31.97,1353.6,High_Emission
322,322,2043,Costa_Rica,Guanacaste,28.5,24.77,32.15,1294.89,High_Emission
323,323,2044,Costa_Rica,Guanacaste,28.53,24.75,32.26,1423.39,High_Emission
324,324,2045,Costa_Rica,Guanacaste,28.34,24.61,32.0,1422.35,High_Emission
325,325,2046,Costa_Rica,Guanacaste,28.49,24.71,32.05,1388.18,High_Emission
326,326,2047,Costa_Rica,Guanacaste,28.75,25.03,32.38,1168.72,High_Emission
327,327,2048,Costa_Rica,Guanacaste,28.53,24.8,32.26,1350.02,High_Emission
328,328,2049,Costa_Rica,Guanacaste,28.59,24.8,32.22,1350.77,High_Emission
329,329,2050,Costa_Rica,Guanacaste,28.64,24.89,32.29,1414.91,High_Emission
330,330,2051,Costa_Rica,Guanacaste,28.87,25.03,32.52,1283.93,High_Emission
331,331,2052,Costa_Rica,Guanacaste,28.97,25.19,32.69,1127.52,High_Emission
332,332,2053,Costa_Rica,Guanacaste,28.97,25.26,32.58,1084.11,High_Emission
333,333,2054,Costa_Rica,Guanacaste,28.94,25.14,32.62,1235.52,High_Emission
334,334,2055,Costa_Rica,Guanacaste,28.91,25.22,32.63,1305.8,High_Emission
335,335,2056,Costa_Rica,Guanacaste,28.95,25.07,32.66,1176.2,High_Emission
336,336,2057,Costa_Rica,Guanacaste,29.14,25.28,32.8,1299.44,High_Emission
337,337,2058,Costa_Rica,Guanacaste,29.25,25.48,32.92,1257.13,High_Emission
338,338,2059,Costa_Rica,Guanacaste,29.08,25.32,32.74,1244.06,High_Emission
339,339,2060,Costa_Rica,Guanacaste,29.3,25.46,32.94,1332.95,High_Emission
340,340,2061,Costa_Rica,Guanacaste,29.22,25.45,32.95,1392.87,High_Emission
341,341,2062,Costa_Rica,Guanacaste,29.3,25.5,32.89,1353.4,High_Emission
342,342,2063,Costa_Rica,Guanacaste,29.41,25.67,33.06,1026.0,High_Emission
343,343,2064,Costa_Rica,Guanacaste,29.48,25.61,33.16,1171.6,High_Emission
344,344,2065,Costa_Rica,Guanacaste,29.32,25.53,33.12,1281.92,High_Emission
345,345,2066,Costa_Rica,Guanacaste,29.46,25.68,33.1,1270.52,High_Emission
346,346,2067,Costa_Rica,Guanacaste,29.5,25.7,33.14,1249.65,High_Emission
347,347,2068,Costa_Rica,Guanacaste,29.65,25.94,33.41,1222.77,High_Emission
348,348,2069,Costa_Rica,Guanacaste,29.65,25.89,33.19,1105.32,High_Emission
349,349,2070,Costa_Rica,Guanacaste,29.61,25.79,33.28,1249.59,High_Emission
350,350,2071,Costa_Rica,Guanacaste,29.82,26.03,33.44,1376.93,High_Emission
351,351,2072,Costa_Rica,Guanacaste,29.72,25.84,33.5,1260.6,High_Emission
352,352,2073,Costa_Rica,Guanacaste,29.71,25.99,33.45,1264.58,High_Emission
353,353,2074,Costa_Rica,Guanacaste,29.96,26.07,33.69,1312.58,High_Emission
354,354,2075,Costa_Rica,Guanacaste,29.85,26.14,33.45,1165.63,High_Emission
355,355,2076,Costa_Rica,Guanacaste,29.93,26.05,33.64,1116.82,High_Emission
356,356,2077,Costa_Rica,Guanacaste,30.23,26.39,33.96,1185.54,High_Emission
357,357,2078,Costa_Rica,Guanacaste,30.46,26.69,34.07,1156.56,High_Emission
358,358,2079,Costa_Rica,Guanacaste,30.17,26.38,33.87,1431.32,High_Emission
359,359,2080,Costa_Rica,Guanacaste,30.25,26.41,33.86,1149.27,High_Emission
360,360,2081,Costa_Rica,Guanacaste,30.34,26.49,34.04,1108.16,High_Emission
361,361,2082,Costa_Rica,Guanacaste,30.29,26.44,34.0,1238.48,High_Emission
362,362,2083,Costa_Rica,Guanacaste,30.18,26.44,33.9,1172.82,High_Emission
363,363,2084,Costa_Rica,Guanacaste,30.21,26.3,33.97,1378.69,High_Emission
364,364,2085,Costa_Rica,Guanacaste,30.32,26.45,34.01,1130.16,High_Emission
365,365,2086,Costa_Rica,Guanacaste,30.74,26.84,34.53,1067.31,High_Emission
366,366,2087,Costa_Rica,Guanacaste,30.68,26.87,34.38,1265.14,High_Emission
367,367,2088,Costa_Rica,Guanacaste,30.46,26.6,34.25,1144.63,High_Emission
368,368,2089,Costa_Rica,Guanacaste,30.76,26.87,34.45,1023.48,High_Emission
369,369,2090,Costa_Rica,Guanacaste,30.75,26.9,34.44,1201.1,High_Emission
370,370,2091,Costa_Rica,Guanacaste,30.98,27.06,34.74,1258.15,High_Emission
371,371,2092,Costa_Rica,Guanacaste,31.27,27.3,35.09,1258.82,High_Emission
372,372,2093,Costa_Rica,Guanacaste,30.83,26.95,34.53,1288.33,High_Emission
373,373,2094,Costa_Rica,Guanacaste,30.74,26.81,34.53,1293.59,High_Emission
374,374,2095,Costa_Rica,Guanacaste,30.73,26.79,34.57,1117.25,High_Emission
375,375,2096,Costa_Rica,Guanacaste,30.9,26.93,34.67,1178.81,High_Emission
376,376,2097,Costa_Rica,Guanacaste,31.34,27.5,35.03,1144.6,High_Emission
377,377,2098,Costa_Rica,Guanacaste,31.34,27.33,35.02,1345.04,High_Emission
378,378,2099,Costa_Rica,Guanacaste,30.98,27.09,34.68,1226.96,High_Emission
379,379,2100,Costa_Rica,Guanacaste,31.32,27.48,35.09,1278.35,High_Emission
380,380,2006,Costa_Rica,Heredia,25.36,19.98,30.82,1224.19,High_Emission
381,381,2007,Costa_Rica,Heredia,25.28,19.86,30.79,1444.74,High_Emission
382,382,2008,Costa_Rica,Heredia,25.39,19.89,31.0,1316.13,High_Emission
383,383,2009,Costa_Rica,Heredia,25.6,20.15,31.18,1454.81,High_Emission
384,384,2010,Costa_Rica,Heredia,25.47,20.08,31.06,1339.72,High_Emission
385,385,2011,Costa_Rica,Heredia,25.4,19.98,30.99,1348.5,High_Emission
386,386,2012,Costa_Rica,Heredia,25.55,20.08,31.07,1313.44,High_Emission
387,387,2013,Costa_Rica,Heredia,25.76,20.19,31.18,1428.48,High_Emission
388,388,2014,Costa_Rica,Heredia,25.73,20.27,31.27,1465.73,High_Emission
389,389,2015,Costa_Rica,Heredia,25.7,20.26,31.25,1357.94,High_Emission
390,390,2016,Costa_Rica,Heredia,25.84,20.38,31.37,1520.5,High_Emission
391,391,2017,Costa_Rica,Heredia,25.81,20.29,31.3,1630.37,High_Emission
392,392,2018,Costa_Rica,Heredia,25.68,20.21,31.28,1293.46,High_Emission
393,393,2019,Costa_Rica,Heredia,25.79,20.25,31.32,1276.03,High_Emission
394,394,2020,Costa_Rica,Heredia,25.81,20.31,31.41,1276.07,High_Emission
395,395,2021,Costa_Rica,Heredia,25.95,20.53,31.51,1128.23,High_Emission
396,396,2022,Costa_Rica,Heredia,25.87,20.42,31.44,1066.22,High_Emission
397,397,2023,Costa_Rica,Heredia,25.84,20.36,31.32,1487.64,High_Emission
398,398,2024,Costa_Rica,Heredia,25.9,20.36,31.37,1205.3,High_Emission
399,399,2025,Costa_Rica,Heredia,25.96,20.52,31.55,1261.26,High_Emission
400,400,2026,Costa_Rica,Heredia,26.28,20.74,31.77,1392.24,High_Emission
401,401,2027,Costa_Rica,Heredia,26.25,20.69,31.77,1554.87,High_Emission
402,402,2028,Costa_Rica,Heredia,26.06,20.68,31.55,1166.3,High_Emission
403,403,2029,Costa_Rica,Heredia,26.08,20.71,31.66,1148.1,High_Emission
404,404,2030,Costa_Rica,Heredia,26.03,20.61,31.45,1606.36,High_Emission
405,405,2031,Costa_Rica,Heredia,26.18,20.57,31.7,1361.98,High_Emission
406,406,2032,Costa_Rica,Heredia,26.15,20.68,31.63,1371.13,High_Emission
407,407,2033,Costa_Rica,Heredia,26.21,20.75,31.75,1337.42,High_Emission
408,408,2034,Costa_Rica,Heredia,26.28,20.86,31.74,1390.27,High_Emission
409,409,2035,Costa_Rica,Heredia,26.3,20.72,31.89,1188.56,High_Emission
410,410,2036,Costa_Rica,Heredia,26.48,20.97,32.02,1278.98,High_Emission
411,411,2037,Costa_Rica,Heredia,26.25,20.81,31.78,1276.93,High_Emission
412,412,2038,Costa_Rica,Heredia,26.31,20.83,31.84,1271.97,High_Emission
413,413,2039,Costa_Rica,Heredia,26.51,21.02,31.94,1435.41,High_Emission
414,414,2040,Costa_Rica,Heredia,26.5,21.08,32.12,1431.98,High_Emission
415,415,2041,Costa_Rica,Heredia,26.51,21.03,32.03,1361.02,High_Emission
416,416,2042,Costa_Rica,Heredia,26.5,21.09,31.96,1348.78,High_Emission
417,417,2043,Costa_Rica,Heredia,26.75,21.3,32.26,1260.7,High_Emission
418,418,2044,Costa_Rica,Heredia,26.81,21.23,32.43,1412.09,High_Emission
419,419,2045,Costa_Rica,Heredia,26.55,21.12,31.99,1341.75,High_Emission
420,420,2046,Costa_Rica,Heredia,26.61,21.28,32.08,1279.01,High_Emission
421,421,2047,Costa_Rica,Heredia,26.92,21.42,32.47,1113.87,High_Emission
422,422,2048,Costa_Rica,Heredia,26.76,21.32,32.26,1271.74,High_Emission
423,423,2049,Costa_Rica,Heredia,26.73,21.32,32.2,1559.66,High_Emission
424,424,2050,Costa_Rica,Heredia,26.81,21.37,32.48,1605.19,High_Emission
425,425,2051,Costa_Rica,Heredia,26.94,21.51,32.51,1322.76,High_Emission
426,426,2052,Costa_Rica,Heredia,27.06,21.58,32.57,1216.18,High_Emission
427,427,2053,Costa_Rica,Heredia,27.14,21.83,32.68,1161.38,High_Emission
428,428,2054,Costa_Rica,Heredia,27.12,21.63,32.63,1266.61,High_Emission
429,429,2055,Costa_Rica,Heredia,27.03,21.68,32.65,1393.14,High_Emission
430,430,2056,Costa_Rica,Heredia,27.12,21.61,32.6,1159.25,High_Emission
431,431,2057,Costa_Rica,Heredia,27.31,21.81,32.87,1244.78,High_Emission
432,432,2058,Costa_Rica,Heredia,27.45,21.97,32.98,1314.05,High_Emission
433,433,2059,Costa_Rica,Heredia,27.36,21.9,32.9,1272.74,High_Emission
434,434,2060,Costa_Rica,Heredia,27.36,21.86,32.95,1242.07,High_Emission
435,435,2061,Costa_Rica,Heredia,27.41,21.91,33.01,1419.69,High_Emission
436,436,2062,Costa_Rica,Heredia,27.4,21.98,32.99,1318.74,High_Emission
437,437,2063,Costa_Rica,Heredia,27.54,22.11,33.05,1115.54,High_Emission
438,438,2064,Costa_Rica,Heredia,27.64,22.08,33.11,1163.96,High_Emission
439,439,2065,Costa_Rica,Heredia,27.55,21.96,33.2,1326.38,High_Emission
440,440,2066,Costa_Rica,Heredia,27.78,22.15,33.29,1208.83,High_Emission
441,441,2067,Costa_Rica,Heredia,27.75,22.22,33.24,1213.66,High_Emission
442,442,2068,Costa_Rica,Heredia,27.8,22.4,33.4,1353.83,High_Emission
443,443,2069,Costa_Rica,Heredia,27.84,22.29,33.17,1122.9,High_Emission
444,444,2070,Costa_Rica,Heredia,27.87,22.4,33.39,1253.23,High_Emission
445,445,2071,Costa_Rica,Heredia,28.01,22.46,33.61,1387.71,High_Emission
446,446,2072,Costa_Rica,Heredia,27.84,22.29,33.57,1272.49,High_Emission
447,447,2073,Costa_Rica,Heredia,28.08,22.65,33.59,1282.05,High_Emission
448,448,2074,Costa_Rica,Heredia,28.09,22.52,33.63,1344.98,High_Emission
449,449,2075,Costa_Rica,Heredia,28.12,22.68,33.66,1068.81,High_Emission
450,450,2076,Costa_Rica,Heredia,28.07,22.69,33.66,1213.28,High_Emission
451,451,2077,Costa_Rica,Heredia,28.28,22.82,33.9,1263.94,High_Emission
452,452,2078,Costa_Rica,Heredia,28.61,23.13,34.2,1131.73,High_Emission
453,453,2079,Costa_Rica,Heredia,28.37,22.89,33.91,1324.85,High_Emission
454,454,2080,Costa_Rica,Heredia,28.53,23.01,33.98,1368.95,High_Emission
455,455,2081,Costa_Rica,Heredia,28.44,22.94,34.15,1159.29,High_Emission
456,456,2082,Costa_Rica,Heredia,28.46,22.94,33.94,1256.03,High_Emission
457,457,2083,Costa_Rica,Heredia,28.55,23.04,34.06,1151.29,High_Emission
458,458,2084,Costa_Rica,Heredia,28.46,22.94,34.03,1274.6,High_Emission
459,459,2085,Costa_Rica,Heredia,28.44,22.92,34.02,1140.54,High_Emission
460,460,2086,Costa_Rica,Heredia,28.95,23.31,34.55,970.42,High_Emission
461,461,2087,Costa_Rica,Heredia,28.95,23.39,34.53,1186.15,High_Emission
462,462,2088,Costa_Rica,Heredia,28.66,23.27,34.32,1233.75,High_Emission
463,463,2089,Costa_Rica,Heredia,28.91,23.27,34.6,1055.7,High_Emission
464,464,2090,Costa_Rica,Heredia,29.0,23.5,34.54,1182.0,High_Emission
465,465,2091,Costa_Rica,Heredia,29.1,23.51,34.72,1273.84,High_Emission
466,466,2092,Costa_Rica,Heredia,29.48,23.68,35.18,1235.76,High_Emission
467,467,2093,Costa_Rica,Heredia,29.03,23.52,34.58,1271.8,High_Emission
468,468,2094,Costa_Rica,Heredia,29.18,23.51,34.8,1171.75,High_Emission
469,469,2095,Costa_Rica,Heredia,28.87,23.28,34.75,1074.44,High_Emission
470,470,2096,Costa_Rica,Heredia,29.11,23.41,34.86,1215.54,High_Emission
471,471,2097,Costa_Rica,Heredia,29.63,23.97,35.23,1109.23,High_Emission
472,472,2098,Costa_Rica,Heredia,29.76,23.91,35.28,1314.97,High_Emission
473,473,2099,Costa_Rica,Heredia,29.1,23.52,34.65,1179.25,High_Emission
474,474,2100,Costa_Rica,Heredia,29.57,23.94,35.26,1189.77,High_Emission
475,475,2006,Costa_Rica,Limon,23.84,19.02,28.69,1483.61,High_Emission
476,476,2007,Costa_Rica,Limon,23.75,18.89,28.67,1696.31,High_Emission
477,477,2008,Costa_Rica,Limon,23.84,18.93,28.82,1582.85,High_Emission
478,478,2009,Costa_Rica,Limon,24.08,19.15,29.03,1593.88,High_Emission
479,479,2010,Costa_Rica,Limon,23.94,19.14,28.91,1559.08,High_Emission
480,480,2011,Costa_Rica,Limon,23.88,19.02,28.8,1572.3,High_Emission
481,481,2012,Costa_Rica,Limon,24.02,19.12,28.95,1548.83,High_Emission
482,482,2013,Costa_Rica,Limon,24.23,19.23,29.1,1557.3,High_Emission
483,483,2014,Costa_Rica,Limon,24.22,19.31,29.16,1653.62,High_Emission
484,484,2015,Costa_Rica,Limon,24.19,19.31,29.13,1674.07,High_Emission
485,485,2016,Costa_Rica,Limon,24.29,19.41,29.23,1817.86,High_Emission
486,486,2017,Costa_Rica,Limon,24.28,19.32,29.13,1838.11,High_Emission
487,487,2018,Costa_Rica,Limon,24.13,19.28,29.11,1538.07,High_Emission
488,488,2019,Costa_Rica,Limon,24.25,19.27,29.17,1544.43,High_Emission
489,489,2020,Costa_Rica,Limon,24.26,19.33,29.27,1498.51,High_Emission
490,490,2021,Costa_Rica,Limon,24.46,19.57,29.36,1351.65,High_Emission
491,491,2022,Costa_Rica,Limon,24.33,19.46,29.29,1433.52,High_Emission
492,492,2023,Costa_Rica,Limon,24.3,19.39,29.21,1743.15,High_Emission
493,493,2024,Costa_Rica,Limon,24.34,19.4,29.22,1373.14,High_Emission
494,494,2025,Costa_Rica,Limon,24.47,19.58,29.39,1439.05,High_Emission
495,495,2026,Costa_Rica,Limon,24.7,19.76,29.6,1613.96,High_Emission
496,496,2027,Costa_Rica,Limon,24.69,19.73,29.58,1791.51,High_Emission
497,497,2028,Costa_Rica,Limon,24.52,19.71,29.4,1413.3,High_Emission
498,498,2029,Costa_Rica,Limon,24.58,19.74,29.5,1458.95,High_Emission
499,499,2030,Costa_Rica,Limon,24.5,19.67,29.32,1848.53,High_Emission
500,500,2031,Costa_Rica,Limon,24.66,19.62,29.52,1616.97,High_Emission
501,501,2032,Costa_Rica,Limon,24.61,19.74,29.48,1560.92,High_Emission
502,502,2033,Costa_Rica,Limon,24.68,19.81,29.58,1518.4,High_Emission
503,503,2034,Costa_Rica,Limon,24.71,19.89,29.59,1688.11,High_Emission
504,504,2035,Costa_Rica,Limon,24.71,19.74,29.7,1491.39,High_Emission
505,505,2036,Costa_Rica,Limon,24.96,20.03,29.91,1566.6,High_Emission
506,506,2037,Costa_Rica,Limon,24.74,19.86,29.59,1580.39,High_Emission
507,507,2038,Costa_Rica,Limon,24.79,19.85,29.73,1573.41,High_Emission
508,508,2039,Costa_Rica,Limon,24.99,20.07,29.84,1693.85,High_Emission
509,509,2040,Costa_Rica,Limon,24.95,20.08,29.93,1596.35,High_Emission
510,510,2041,Costa_Rica,Limon,24.94,20.02,29.87,1615.92,High_Emission
511,511,2042,Costa_Rica,Limon,24.95,20.09,29.78,1512.81,High_Emission
512,512,2043,Costa_Rica,Limon,25.19,20.33,30.14,1510.47,High_Emission
513,513,2044,Costa_Rica,Limon,25.25,20.25,30.25,1698.43,High_Emission
514,514,2045,Costa_Rica,Limon,25.04,20.15,29.92,1572.83,High_Emission
515,515,2046,Costa_Rica,Limon,25.06,20.26,29.95,1491.13,High_Emission
516,516,2047,Costa_Rica,Limon,25.4,20.41,30.35,1332.74,High_Emission
517,517,2048,Costa_Rica,Limon,25.2,20.34,30.09,1489.36,High_Emission
518,518,2049,Costa_Rica,Limon,25.21,20.34,30.06,1844.12,High_Emission
519,519,2050,Costa_Rica,Limon,25.34,20.45,30.34,1755.86,High_Emission
520,520,2051,Costa_Rica,Limon,25.43,20.55,30.35,1563.46,High_Emission
521,521,2052,Costa_Rica,Limon,25.48,20.63,30.37,1461.77,High_Emission
522,522,2053,Costa_Rica,Limon,25.56,20.78,30.55,1480.07,High_Emission
523,523,2054,Costa_Rica,Limon,25.58,20.66,30.45,1569.45,High_Emission
524,524,2055,Costa_Rica,Limon,25.56,20.68,30.5,1695.63,High_Emission
525,525,2056,Costa_Rica,Limon,25.54,20.69,30.39,1374.61,High_Emission
526,526,2057,Costa_Rica,Limon,25.74,20.81,30.7,1412.08,High_Emission
527,527,2058,Costa_Rica,Limon,25.92,20.99,30.86,1596.67,High_Emission
528,528,2059,Costa_Rica,Limon,25.84,20.95,30.78,1634.29,High_Emission
529,529,2060,Costa_Rica,Limon,25.81,20.88,30.81,1534.98,High_Emission
530,530,2061,Costa_Rica,Limon,25.87,20.92,30.86,1679.8,High_Emission
531,531,2062,Costa_Rica,Limon,25.81,21.03,30.73,1547.31,High_Emission
532,532,2063,Costa_Rica,Limon,26.0,21.11,30.84,1433.16,High_Emission
533,533,2064,Costa_Rica,Limon,26.09,21.1,31.0,1454.43,High_Emission
534,534,2065,Costa_Rica,Limon,26.05,21.01,31.11,1525.44,High_Emission
535,535,2066,Costa_Rica,Limon,26.24,21.17,31.12,1611.04,High_Emission
536,536,2067,Costa_Rica,Limon,26.18,21.28,31.04,1566.21,High_Emission
537,537,2068,Costa_Rica,Limon,26.24,21.43,31.27,1644.34,High_Emission
538,538,2069,Costa_Rica,Limon,26.32,21.33,31.1,1415.86,High_Emission
539,539,2070,Costa_Rica,Limon,26.27,21.36,31.19,1433.72,High_Emission
540,540,2071,Costa_Rica,Limon,26.41,21.45,31.42,1686.28,High_Emission
541,541,2072,Costa_Rica,Limon,26.3,21.33,31.28,1446.09,High_Emission
542,542,2073,Costa_Rica,Limon,26.43,21.61,31.29,1607.96,High_Emission
543,543,2074,Costa_Rica,Limon,26.52,21.53,31.43,1572.76,High_Emission
544,544,2075,Costa_Rica,Limon,26.52,21.68,31.47,1448.58,High_Emission
545,545,2076,Costa_Rica,Limon,26.58,21.67,31.51,1529.49,High_Emission
546,546,2077,Costa_Rica,Limon,26.73,21.9,31.8,1526.94,High_Emission
547,547,2078,Costa_Rica,Limon,27.08,22.06,32.08,1656.78,High_Emission
548,548,2079,Costa_Rica,Limon,26.79,21.89,31.75,1726.45,High_Emission
549,549,2080,Costa_Rica,Limon,26.94,22.0,31.78,1568.58,High_Emission
550,550,2081,Costa_Rica,Limon,26.85,21.93,31.9,1468.64,High_Emission
551,551,2082,Costa_Rica,Limon,26.85,21.91,31.74,1481.3,High_Emission
552,552,2083,Costa_Rica,Limon,26.93,22.06,31.71,1447.53,High_Emission
553,553,2084,Costa_Rica,Limon,26.81,21.89,31.84,1557.0,High_Emission
554,554,2085,Costa_Rica,Limon,26.87,21.9,31.84,1265.94,High_Emission
555,555,2086,Costa_Rica,Limon,27.33,22.29,32.37,1331.18,High_Emission
556,556,2087,Costa_Rica,Limon,27.36,22.37,32.38,1476.59,High_Emission
557,557,2088,Costa_Rica,Limon,27.15,22.24,32.15,1434.44,High_Emission
558,558,2089,Costa_Rica,Limon,27.26,22.23,32.34,1356.73,High_Emission
559,559,2090,Costa_Rica,Limon,27.39,22.47,32.36,1380.62,High_Emission
560,560,2091,Costa_Rica,Limon,27.5,22.5,32.47,1476.42,High_Emission
561,561,2092,Costa_Rica,Limon,27.83,22.61,32.87,1463.29,High_Emission
562,562,2093,Costa_Rica,Limon,27.51,22.54,32.46,1484.01,High_Emission
563,563,2094,Costa_Rica,Limon,27.6,22.54,32.58,1489.81,High_Emission
564,564,2095,Costa_Rica,Limon,27.3,22.23,32.57,1254.17,High_Emission
565,565,2096,Costa_Rica,Limon,27.47,22.46,32.61,1451.2,High_Emission
566,566,2097,Costa_Rica,Limon,28.02,22.91,33.1,1512.61,High_Emission
567,567,2098,Costa_Rica,Limon,28.07,22.94,32.97,1531.41,High_Emission
568,568,2099,Costa_Rica,Limon,27.49,22.53,32.43,1476.23,High_Emission
569,569,2100,Costa_Rica,Limon,28.01,22.92,32.99,1364.79,High_Emission
570,570,2006,Costa_Rica,Puntarenas,26.49,23.38,29.39,1798.38,High_Emission
571,571,2007,Costa_Rica,Puntarenas,26.33,23.22,29.29,1972.4,High_Emission
572,572,2008,Costa_Rica,Puntarenas,26.49,23.29,29.48,1853.79,High_Emission
573,573,2009,Costa_Rica,Puntarenas,26.71,23.53,29.67,1789.51,High_Emission
574,574,2010,Costa_Rica,Puntarenas,26.55,23.41,29.54,1856.78,High_Emission
575,575,2011,Costa_Rica,Puntarenas,26.42,23.29,29.4,1896.73,High_Emission
576,576,2012,Costa_Rica,Puntarenas,26.66,23.46,29.62,1899.92,High_Emission
577,577,2013,Costa_Rica,Puntarenas,26.8,23.59,29.8,1794.6,High_Emission
578,578,2014,Costa_Rica,Puntarenas,26.83,23.65,29.79,1878.75,High_Emission
579,579,2015,Costa_Rica,Puntarenas,26.8,23.62,29.75,1978.25,High_Emission
580,580,2016,Costa_Rica,Puntarenas,26.91,23.74,29.89,2048.67,High_Emission
581,581,2017,Costa_Rica,Puntarenas,26.84,23.68,29.77,2015.71,High_Emission
582,582,2018,Costa_Rica,Puntarenas,26.79,23.61,29.76,2001.22,High_Emission
583,583,2019,Costa_Rica,Puntarenas,26.84,23.64,29.8,1898.82,High_Emission
584,584,2020,Costa_Rica,Puntarenas,26.88,23.71,29.86,1756.73,High_Emission
585,585,2021,Costa_Rica,Puntarenas,27.01,23.86,30.0,1636.49,High_Emission
586,586,2022,Costa_Rica,Puntarenas,26.93,23.76,29.91,1789.94,High_Emission
587,587,2023,Costa_Rica,Puntarenas,26.92,23.72,29.87,1991.66,High_Emission
588,588,2024,Costa_Rica,Puntarenas,26.9,23.73,29.87,1683.38,High_Emission
589,589,2025,Costa_Rica,Puntarenas,27.08,23.91,30.03,1775.84,High_Emission
590,590,2026,Costa_Rica,Puntarenas,27.24,24.03,30.24,2028.19,High_Emission
591,591,2027,Costa_Rica,Puntarenas,27.28,24.07,30.21,2007.53,High_Emission
592,592,2028,Costa_Rica,Puntarenas,27.11,23.98,30.11,1747.22,High_Emission
593,593,2029,Costa_Rica,Puntarenas,27.2,24.05,30.13,1893.92,High_Emission
594,594,2030,Costa_Rica,Puntarenas,27.01,23.9,29.9,2106.67,High_Emission
595,595,2031,Costa_Rica,Puntarenas,27.23,24.0,30.19,1796.98,High_Emission
596,596,2032,Costa_Rica,Puntarenas,27.22,24.05,30.17,1815.1,High_Emission
597,597,2033,Costa_Rica,Puntarenas,27.3,24.14,30.27,1765.79,High_Emission
598,598,2034,Costa_Rica,Puntarenas,27.34,24.21,30.25,2018.87,High_Emission
599,599,2035,Costa_Rica,Puntarenas,27.32,24.09,30.35,1823.94,High_Emission
600,600,2036,Costa_Rica,Puntarenas,27.51,24.31,30.52,1918.42,High_Emission
601,601,2037,Costa_Rica,Puntarenas,27.31,24.13,30.26,2040.44,High_Emission
602,602,2038,Costa_Rica,Puntarenas,27.42,24.19,30.37,1778.78,High_Emission
603,603,2039,Costa_Rica,Puntarenas,27.62,24.45,30.54,1936.95,High_Emission
604,604,2040,Costa_Rica,Puntarenas,27.51,24.42,30.51,1860.68,High_Emission
605,605,2041,Costa_Rica,Puntarenas,27.53,24.31,30.5,1920.53,High_Emission
606,606,2042,Costa_Rica,Puntarenas,27.49,24.36,30.39,1822.59,High_Emission
607,607,2043,Costa_Rica,Puntarenas,27.73,24.57,30.69,1822.03,High_Emission
608,608,2044,Costa_Rica,Puntarenas,27.76,24.55,30.78,1930.59,High_Emission
609,609,2045,Costa_Rica,Puntarenas,27.63,24.46,30.55,1858.43,High_Emission
610,610,2046,Costa_Rica,Puntarenas,27.69,24.6,30.56,1863.48,High_Emission
611,611,2047,Costa_Rica,Puntarenas,28.03,24.8,30.97,1662.61,High_Emission
612,612,2048,Costa_Rica,Puntarenas,27.75,24.61,30.7,1727.15,High_Emission
613,613,2049,Costa_Rica,Puntarenas,27.85,24.65,30.76,2060.81,High_Emission
614,614,2050,Costa_Rica,Puntarenas,27.98,24.83,30.94,2052.37,High_Emission
615,615,2051,Costa_Rica,Puntarenas,28.0,24.82,30.98,1918.68,High_Emission
616,616,2052,Costa_Rica,Puntarenas,28.13,25.02,31.08,1787.02,High_Emission
617,617,2053,Costa_Rica,Puntarenas,28.16,25.04,31.14,1897.27,High_Emission
618,618,2054,Costa_Rica,Puntarenas,28.16,24.95,31.08,1802.47,High_Emission
619,619,2055,Costa_Rica,Puntarenas,28.15,24.98,31.09,1967.7,High_Emission
620,620,2056,Costa_Rica,Puntarenas,28.08,24.89,30.99,1645.04,High_Emission
621,621,2057,Costa_Rica,Puntarenas,28.32,25.13,31.33,1800.95,High_Emission
622,622,2058,Costa_Rica,Puntarenas,28.45,25.27,31.43,1924.41,High_Emission
623,623,2059,Costa_Rica,Puntarenas,28.4,25.21,31.37,1956.41,High_Emission
624,624,2060,Costa_Rica,Puntarenas,28.44,25.24,31.39,1823.61,High_Emission
625,625,2061,Costa_Rica,Puntarenas,28.47,25.23,31.44,1915.52,High_Emission
626,626,2062,Costa_Rica,Puntarenas,28.39,25.32,31.37,1747.53,High_Emission
627,627,2063,Costa_Rica,Puntarenas,28.57,25.46,31.53,1791.22,High_Emission
628,628,2064,Costa_Rica,Puntarenas,28.66,25.45,31.64,1860.74,High_Emission
629,629,2065,Costa_Rica,Puntarenas,28.58,25.32,31.65,1808.9,High_Emission
630,630,2066,Costa_Rica,Puntarenas,28.78,25.52,31.73,1949.57,High_Emission
631,631,2067,Costa_Rica,Puntarenas,28.74,25.59,31.66,1975.57,High_Emission
632,632,2068,Costa_Rica,Puntarenas,28.81,25.69,31.9,1849.73,High_Emission
633,633,2069,Costa_Rica,Puntarenas,28.91,25.7,31.8,1719.32,High_Emission
634,634,2070,Costa_Rica,Puntarenas,28.75,25.58,31.74,1838.91,High_Emission
635,635,2071,Costa_Rica,Puntarenas,28.97,25.75,31.98,1887.41,High_Emission
636,636,2072,Costa_Rica,Puntarenas,28.88,25.66,31.89,1687.92,High_Emission
637,637,2073,Costa_Rica,Puntarenas,28.84,25.71,31.85,1941.99,High_Emission
638,638,2074,Costa_Rica,Puntarenas,29.09,25.89,32.07,1798.35,High_Emission
639,639,2075,Costa_Rica,Puntarenas,29.07,25.91,32.01,1825.79,High_Emission
640,640,2076,Costa_Rica,Puntarenas,29.16,25.96,32.09,1758.86,High_Emission
641,641,2077,Costa_Rica,Puntarenas,29.42,26.26,32.47,1895.86,High_Emission
642,642,2078,Costa_Rica,Puntarenas,29.61,26.46,32.51,1866.66,High_Emission
643,643,2079,Costa_Rica,Puntarenas,29.32,26.17,32.31,2056.34,High_Emission
644,644,2080,Costa_Rica,Puntarenas,29.49,26.28,32.36,1883.08,High_Emission
645,645,2081,Costa_Rica,Puntarenas,29.45,26.22,32.52,1802.18,High_Emission
646,646,2082,Costa_Rica,Puntarenas,29.42,26.19,32.43,1751.83,High_Emission
647,647,2083,Costa_Rica,Puntarenas,29.41,26.24,32.34,1810.64,High_Emission
648,648,2084,Costa_Rica,Puntarenas,29.37,26.17,32.41,1936.68,High_Emission
649,649,2085,Costa_Rica,Puntarenas,29.45,26.24,32.47,1469.05,High_Emission
650,650,2086,Costa_Rica,Puntarenas,29.91,26.67,32.93,1751.73,High_Emission
651,651,2087,Costa_Rica,Puntarenas,29.86,26.59,32.89,1859.25,High_Emission
652,652,2088,Costa_Rica,Puntarenas,29.63,26.43,32.66,1684.64,High_Emission
653,653,2089,Costa_Rica,Puntarenas,29.85,26.6,32.9,1732.02,High_Emission
654,654,2090,Costa_Rica,Puntarenas,29.84,26.66,32.89,1651.73,High_Emission
655,655,2091,Costa_Rica,Puntarenas,29.98,26.75,33.07,1756.0,High_Emission
656,656,2092,Costa_Rica,Puntarenas,30.33,26.99,33.42,1696.71,High_Emission
657,657,2093,Costa_Rica,Puntarenas,30.08,26.84,33.1,1843.35,High_Emission
658,658,2094,Costa_Rica,Puntarenas,30.04,26.8,33.08,1771.06,High_Emission
659,659,2095,Costa_Rica,Puntarenas,29.77,26.46,32.97,1671.96,High_Emission
660,660,2096,Costa_Rica,Puntarenas,30.02,26.77,33.06,1743.82,High_Emission
661,661,2097,Costa_Rica,Puntarenas,30.53,27.19,33.57,1891.21,High_Emission
662,662,2098,Costa_Rica,Puntarenas,30.43,27.16,33.37,1770.38,High_Emission
663,663,2099,Costa_Rica,Puntarenas,30.0,26.79,33.01,1900.12,High_Emission
664,664,2100,Costa_Rica,Puntarenas,30.44,27.22,33.52,1714.59,High_Emission
665,665,2006,Costa_Rica,San_Jose,26.12,23.0,29.0,1630.68,High_Emission
666,666,2007,Costa_Rica,San_Jose,25.99,22.83,28.97,1851.58,High_Emission
667,667,2008,Costa_Rica,San_Jose,26.1,22.89,29.08,1758.89,High_Emission
668,668,2009,Costa_Rica,San_Jose,26.36,23.13,29.33,1734.4,High_Emission
669,669,2010,Costa_Rica,San_Jose,26.18,23.04,29.19,1702.42,High_Emission
670,670,2011,Costa_Rica,San_Jose,26.07,22.95,29.07,1738.32,High_Emission
671,671,2012,Costa_Rica,San_Jose,26.3,23.09,29.27,1735.15,High_Emission
672,672,2013,Costa_Rica,San_Jose,26.45,23.18,29.45,1678.45,High_Emission
673,673,2014,Costa_Rica,San_Jose,26.46,23.25,29.46,1785.19,High_Emission
674,674,2015,Costa_Rica,San_Jose,26.44,23.27,29.42,1837.55,High_Emission
675,675,2016,Costa_Rica,San_Jose,26.54,23.36,29.54,1963.33,High_Emission
676,676,2017,Costa_Rica,San_Jose,26.51,23.29,29.45,1871.78,High_Emission
677,677,2018,Costa_Rica,San_Jose,26.45,23.25,29.45,1781.1,High_Emission
678,678,2019,Costa_Rica,San_Jose,26.49,23.25,29.45,1735.31,High_Emission
679,679,2020,Costa_Rica,San_Jose,26.5,23.32,29.52,1676.92,High_Emission
680,680,2021,Costa_Rica,San_Jose,26.65,23.49,29.66,1526.54,High_Emission
681,681,2022,Costa_Rica,San_Jose,26.57,23.4,29.58,1646.69,High_Emission
682,682,2023,Costa_Rica,San_Jose,26.55,23.35,29.53,1921.63,High_Emission
683,683,2024,Costa_Rica,San_Jose,26.56,23.34,29.54,1499.57,High_Emission
684,684,2025,Costa_Rica,San_Jose,26.73,23.55,29.69,1559.9,High_Emission
685,685,2026,Costa_Rica,San_Jose,26.88,23.67,29.87,1821.96,High_Emission
686,686,2027,Costa_Rica,San_Jose,26.94,23.66,29.88,1929.89,High_Emission
687,687,2028,Costa_Rica,San_Jose,26.74,23.61,29.74,1506.45,High_Emission
688,688,2029,Costa_Rica,San_Jose,26.86,23.7,29.76,1705.73,High_Emission
689,689,2030,Costa_Rica,San_Jose,26.66,23.56,29.55,1998.72,High_Emission
690,690,2031,Costa_Rica,San_Jose,26.88,23.59,29.85,1733.47,High_Emission
691,691,2032,Costa_Rica,San_Jose,26.87,23.69,29.84,1664.96,High_Emission
692,692,2033,Costa_Rica,San_Jose,26.92,23.78,29.9,1537.78,High_Emission
693,693,2034,Costa_Rica,San_Jose,26.96,23.83,29.9,1937.36,High_Emission
694,694,2035,Costa_Rica,San_Jose,26.95,23.73,30.02,1682.19,High_Emission
695,695,2036,Costa_Rica,San_Jose,27.16,23.96,30.18,1819.79,High_Emission
696,696,2037,Costa_Rica,San_Jose,26.96,23.78,29.91,1847.96,High_Emission
697,697,2038,Costa_Rica,San_Jose,27.06,23.78,30.03,1808.35,High_Emission
698,698,2039,Costa_Rica,San_Jose,27.27,24.05,30.19,1908.6,High_Emission
699,699,2040,Costa_Rica,San_Jose,27.13,24.03,30.2,1770.06,High_Emission
700,700,2041,Costa_Rica,San_Jose,27.18,23.95,30.17,1835.04,High_Emission
701,701,2042,Costa_Rica,San_Jose,27.15,24.0,30.05,1752.73,High_Emission
702,702,2043,Costa_Rica,San_Jose,27.36,24.22,30.38,1792.62,High_Emission
703,703,2044,Costa_Rica,San_Jose,27.42,24.2,30.46,1949.22,High_Emission
704,704,2045,Costa_Rica,San_Jose,27.28,24.08,30.21,1809.48,High_Emission
705,705,2046,Costa_Rica,San_Jose,27.31,24.19,30.2,1586.05,High_Emission
706,706,2047,Costa_Rica,San_Jose,27.68,24.4,30.63,1546.37,High_Emission
707,707,2048,Costa_Rica,San_Jose,27.42,24.23,30.4,1708.5,High_Emission
708,708,2049,Costa_Rica,San_Jose,27.45,24.23,30.39,2013.75,High_Emission
709,709,2050,Costa_Rica,San_Jose,27.61,24.43,30.59,1938.43,High_Emission
710,710,2051,Costa_Rica,San_Jose,27.66,24.45,30.67,1708.29,High_Emission
711,711,2052,Costa_Rica,San_Jose,27.76,24.64,30.72,1608.88,High_Emission
712,712,2053,Costa_Rica,San_Jose,27.8,24.7,30.81,1724.76,High_Emission
713,713,2054,Costa_Rica,San_Jose,27.81,24.57,30.72,1733.99,High_Emission
714,714,2055,Costa_Rica,San_Jose,27.84,24.63,30.79,1879.67,High_Emission
715,715,2056,Costa_Rica,San_Jose,27.73,24.55,30.64,1550.05,High_Emission
716,716,2057,Costa_Rica,San_Jose,27.98,24.76,31.0,1594.95,High_Emission
717,717,2058,Costa_Rica,San_Jose,28.14,24.91,31.15,1722.32,High_Emission
718,718,2059,Costa_Rica,San_Jose,28.05,24.86,31.03,1805.54,High_Emission
719,719,2060,Costa_Rica,San_Jose,28.1,24.87,31.11,1749.16,High_Emission
720,720,2061,Costa_Rica,San_Jose,28.1,24.87,31.12,1851.72,High_Emission
721,721,2062,Costa_Rica,San_Jose,27.99,25.01,30.96,1690.33,High_Emission
722,722,2063,Costa_Rica,San_Jose,28.18,25.07,31.11,1693.15,High_Emission
723,723,2064,Costa_Rica,San_Jose,28.33,25.07,31.31,1700.06,High_Emission
724,724,2065,Costa_Rica,San_Jose,28.29,24.97,31.4,1676.74,High_Emission
725,725,2066,Costa_Rica,San_Jose,28.44,25.16,31.43,1843.92,High_Emission
726,726,2067,Costa_Rica,San_Jose,28.36,25.22,31.34,1841.11,High_Emission
727,727,2068,Costa_Rica,San_Jose,28.47,25.36,31.61,1821.56,High_Emission
728,728,2069,Costa_Rica,San_Jose,28.52,25.31,31.44,1541.06,High_Emission
729,729,2070,Costa_Rica,San_Jose,28.45,25.24,31.45,1502.03,High_Emission
730,730,2071,Costa_Rica,San_Jose,28.63,25.41,31.67,1811.23,High_Emission
731,731,2072,Costa_Rica,San_Jose,28.56,25.3,31.57,1644.6,High_Emission
732,732,2073,Costa_Rica,San_Jose,28.55,25.48,31.55,1840.93,High_Emission
733,733,2074,Costa_Rica,San_Jose,28.71,25.49,31.71,1735.19,High_Emission
734,734,2075,Costa_Rica,San_Jose,28.69,25.54,31.63,1716.3,High_Emission
735,735,2076,Costa_Rica,San_Jose,28.9,25.55,31.81,1623.43,High_Emission
736,736,2077,Costa_Rica,San_Jose,29.01,25.9,32.12,1733.65,High_Emission
737,737,2078,Costa_Rica,San_Jose,29.31,26.07,32.25,1834.13,High_Emission
738,738,2079,Costa_Rica,San_Jose,29.01,25.81,32.02,2020.49,High_Emission
739,739,2080,Costa_Rica,San_Jose,29.17,25.94,32.08,1699.76,High_Emission
740,740,2081,Costa_Rica,San_Jose,29.08,25.86,32.22,1676.58,High_Emission
741,741,2082,Costa_Rica,San_Jose,29.06,25.81,32.07,1700.31,High_Emission
742,742,2083,Costa_Rica,San_Jose,29.08,25.9,31.99,1695.13,High_Emission
743,743,2084,Costa_Rica,San_Jose,29.02,25.81,32.1,1878.71,High_Emission
744,744,2085,Costa_Rica,San_Jose,29.12,25.87,32.14,1377.54,High_Emission
745,745,2086,Costa_Rica,San_Jose,29.54,26.28,32.64,1532.05,High_Emission
746,746,2087,Costa_Rica,San_Jose,29.57,26.23,32.62,1736.81,High_Emission
747,747,2088,Costa_Rica,San_Jose,29.3,26.04,32.4,1569.88,High_Emission
748,748,2089,Costa_Rica,San_Jose,29.5,26.23,32.59,1656.5,High_Emission
749,749,2090,Costa_Rica,San_Jose,29.55,26.35,32.56,1566.62,High_Emission
750,750,2091,Costa_Rica,San_Jose,29.68,26.38,32.78,1653.65,High_Emission
751,751,2092,Costa_Rica,San_Jose,30.06,26.63,33.12,1621.11,High_Emission
752,752,2093,Costa_Rica,San_Jose,29.76,26.49,32.77,1746.05,High_Emission
753,753,2094,Costa_Rica,San_Jose,29.75,26.48,32.81,1755.79,High_Emission
754,754,2095,Costa_Rica,San_Jose,29.5,26.11,32.78,1486.25,High_Emission
755,755,2096,Costa_Rica,San_Jose,29.77,26.47,32.81,1600.09,High_Emission
756,756,2097,Costa_Rica,San_Jose,30.18,26.8,33.28,1716.28,High_Emission
757,757,2098,Costa_Rica,San_Jose,30.15,26.78,33.15,1740.03,High_Emission
758,758,2099,Costa_Rica,San_Jose,29.67,26.45,32.68,1705.26,High_Emission
759,759,2100,Costa_Rica,San_Jose,30.19,26.91,33.23,1568.13,High_Emission
